MANGORADIO;https://mangoradio.stream.laut.fm/mangoradio;assets/logos/MANGORADIO.png
Deutschlandfunk | DLF | MP3 128k;https://st01.sslstream.dlf.de/dlf/01/128/mp3/stream.mp3?aggregator=web;assets/logos/DeutschlandfunkDLFMP3128k.png
SWR3;https://liveradio.swr.de/sw282p3/swr3/play.mp3;assets/logos/SWR3.png
1LIVE;http://wdr-1live-live.icecast.wdr.de/wdr/1live/live/mp3/128/stream.mp3;assets/logos/1LIVE.png
Bayern 3;https://dispatcher.rndfnk.com/br/br3/live/mp3/mid;assets/logos/Bayern3.png
WDR 5;http://wdr-wdr5-live.icecast.wdr.de/wdr/wdr5/live/mp3/128/stream.mp3;assets/logos/WDR5.png
Rock Antenne;http://mp3channels.webradio.rockantenne.de/rockantenne;assets/logos/RockAntenne.png
 \tROCKANTENNE Alternative (mp3);https://stream.rockantenne.de/alternative/stream/mp3;assets/logos/tROCKANTENNEAlternativemp3.png
Radio Eins;http://f121.rndfnk.com/ard/rbb/radioeins/live/mp3/128/stream.mp3?cid=01FC1WH12KJ93TCQPDSE2E5PZ9&sid=38HoeEhwMU9ZjQaArYLcNuLu9LN&token=VXH8C52tOJ6o_G5uLXexxjt84DXyHGfH0RABfQljedk&tvf=8PpblQ7uihhmMTIxLnJuZGZuay5jb20;assets/logos/RadioEins.png
WDR4;https://wdr-wdr4-live.icecastssl.wdr.de/wdr/wdr4/live/mp3/128/stream.mp3;assets/logos/WDR4.png
Sunshine Live;http://stream.sunshine-live.de/live/mp3-192/stream.sunshine-live.de/;assets/logos/default.png
Antenne Bayern;http://mp3channels.webradio.antenne.de/antenne;assets/logos/default.png
80s80s;http://streams.80s80s.de/web/mp3-192/streams.80s80s.de/;assets/logos/default.png
TechnoBase.FM;http://lw2.mp3.tb-group.fm/tb.mp3;assets/logos/TechnoBaseFM.png
WDR 2 Rheinland;http://wdr-wdr2-rheinland.icecast.wdr.de/wdr/wdr2/rheinland/mp3/128/stream.mp3;assets/logos/WDR2Rheinland.png
Rock Antenne - Heavy Metal;http://mp3channels.webradio.rockantenne.de/heavy-metal;assets/logos/RockAntenneHeavyMetal.png
Inforadio;http://dispatcher.rndfnk.com/rbb/inforadio/live/mp3/mid;assets/logos/Inforadio.png
Sunshine Live;http://sunsl.streamabc.net/sunsl-sslsimulcast-mp3-192-4434053?sABC=6557p1o3%230%236080533n48sp2nrq0o4389q6o67o3qps%23fgernz.fhafuvar-yvir.qr&aw_0_1st.playerid=stream.sunshine-live.de&amsparams=playerid:stream.sunshine-live.de;skey:1700250035;assets/logos/SunshineLive.png
Klassik Radio - Live;https://live.streams.klassikradio.de/klassikradio-deutschland/stream/mp3;assets/logos/KlassikRadioLive.png
90s90s Hits;http://streams.90s90s.de/pop/mp3-192/streams.90s90s.de/;assets/logos/default.png
NDR 2;https://icecast.ndr.de/ndr/ndr2/niedersachsen/mp3/128/stream.mp3;assets/logos/NDR2.png
Bayern 1 Oberbayern;https://dispatcher.rndfnk.com/br/br1/obb/mp3/mid;assets/logos/Bayern1Oberbayern.png
Deutschlandfunk | DLF | AAC 192k;https://st01.sslstream.dlf.de/dlf/01/high/aac/stream.aac?aggregator=web;assets/logos/DeutschlandfunkDLFAAC192k.png
 - DJ & CLUB CHARTS ---> Club Classics, Festival-Hits, Remixes, Single Charts, Mashups, DJ Sets, Club Edits, Dancefloor, Underground, Nightlife, Party Anthems, Ibiza, Miami, Clubbing, Festival, Remix, Mashup, DJ, EDM,  RAVE, Dance, Urban, Latin, Beachclub, Lounge;https://breakz-2012-high.rautemusik.fm/?ref=rb-djclubcharts;assets/logos/DJCLUBCHARTSClubClassicsFestivalHitsRemixesSingleChartsMashupsDJSetsClubEditsDancefloorUndergroundNightlifePartyAnthemsIbizaMiamiClubbingFestivalRemixMashupDJEDMRAVEDanceUrbanLatinBeachclubLounge.png
Deutschlandfunk Kultur | DLF | MP3 128k;https://st02.sslstream.dlf.de/dlf/02/128/mp3/stream.mp3?aggregator=web;assets/logos/DeutschlandfunkKulturDLFMP3128k.png
BR24;https://dispatcher.rndfnk.com/br/br24/live/mp3/mid;assets/logos/BR24.png
 - NEUERSCHEINUNGEN - Radio Charts - DJ Charts - Club Charts - Top 100 - Top 40 Club - Pop, Hip-Hop, Dance, EDM, House, Techno, R&B, Trap, Reggaeton, Afrobeat, Indie-Pop, Tropical House, Future Bass, Electro Swing, Synthwave, Deep House, Progressive House, Vocal House, DJ Sets, Remix, Mashup, Dancefloor, Festival-Hits, Club-Hits, Nightlife, Underground.;https://breakz-high.rautemusik.fm/?ref=rb-neuerscheinungen;assets/logos/default.png
\tBlasmusikradio mit Bernd;https://stream.laut.fm/blasmusikradio_mit_bernd;assets/logos/tBlasmusikradiomitBernd.png
Sunshine Live - Techno;http://stream.sunshine-live.de/techno/mp3-192/stream.sunshine-live.de/;assets/logos/default.png
_DEEJAY REMIXE_ Your Radio for finest House, EDM, Electro, Dance, Mashup, Hypertechno, Techno, Bootleg, Charts, Top40, Chillout, Lounge, HipHop, Urban & Latin Party DJ Remixes!;https://breakz-high.rautemusik.fm/?ref=radiobrowser-deejay-remixes-radio;assets/logos/default.png
Radio Bollerwagen;https://ffn-stream19.radiohost.de/radiobollerwagen_mp3-192?ref=radioplayer&listenerid=31363233323633323031-323030333a64653a343731363a3730313a623731343a346664383a313761363a39386165-3537373636-4d6f7a696c6c612f352e3020285831313b205562;assets/logos/RadioBollerwagen.png
NDR Info (Hamburg);http://icecast.ndr.de/ndr/ndrinfo/hamburg/mp3/128/stream.mp3;assets/logos/NDRInfoHamburg.png
RADIO BOB! Classic Rock;http://streams.radiobob.de/bob-classicrock/mp3-192/streams.radiobob.de/;assets/logos/default.png
Hit Radio FFH;http://mp3.ffh.de/radioffh/hqlivestream.mp3;assets/logos/HitRadioFFH.png
Bayern 2;https://dispatcher.rndfnk.com/br/br2/live/mp3/mid;assets/logos/Bayern2.png
WDR4;http://wdr-wdr4-live.icecast.wdr.de/wdr/wdr4/live/mp3/128/stream.mp3;assets/logos/WDR4.png
Bayern 1 Franken;https://dispatcher.rndfnk.com/br/br1/franken/mp3/mid;assets/logos/Bayern1Franken.png
NDR Info (Niedersachsen);http://icecast.ndr.de/ndr/ndrinfo/live/mp3/128/stream.mp3;assets/logos/NDRInfoNiedersachsen.png
Sunshine Live - Die 90er;http://stream.sunshine-live.de/90er/mp3-192/stream.sunshine-live.de;assets/logos/default.png
MDR Aktuell;http://mdr-284340-0.cast.mdr.de/mdr/284340/0/mp3/high/stream.mp3;assets/logos/MDRAktuell.png
HR1;http://dispatcher.rndfnk.com/hr/hr1/live/mp3/128/stream.mp3;assets/logos/HR1.png
Antenne Bayern - Chillout;http://mp3channels.webradio.antenne.de/chillout;assets/logos/default.png
# TOP 100 CLUB CHARTS - DANCE & DJ MIX RADIO - 24 HOURS NON-STOP MUSIC @ TikTok Hits, Ibiza House, Sunset Lounge, Melodic Music, EDM, Deep House, Dance Music, Techno & Hypertechno, Rave Charts, Top 40 Charts, Latin, Reggaeton Music, Moombahton, Urban Hits, HipHop, Party & Clubbing Radio, Trending Chartmusic, R&B, Urban, Mixtape - & LIVE DJ SET ;https://breakz-2012-high.rautemusik.fm/?ref=radiobrowser-top100-clubcharts;assets/logos/default.png
NDR 1 Niedersachsen;https://icecast.ndr.de/ndr/ndr1niedersachsen/hannover/mp3/128/stream.mp3?1728424471708&aggregator=web;assets/logos/NDR1Niedersachsen.png
Deutschlandfunk Nova | DLF | AAC 192k;https://st03.sslstream.dlf.de/dlf/03/high/aac/stream.aac?aggregator=web;assets/logos/DeutschlandfunkNovaDLFAAC192k.png
__LOUNGE__ by rautemusik (rm.fm);https://lounge-high.rautemusik.fm/?ref=radiobrowser;assets/logos/LOUNGEbyrautemusikrmfm.png
WDR 2 Ruhrgebiet;https://wdr-wdr2-ruhrgebiet.icecastssl.wdr.de/wdr/wdr2/ruhrgebiet/mp3/128/stream.mp3;assets/logos/WDR2Ruhrgebiet.png
MDR Jump;http://mdr-284320-0.cast.mdr.de/mdr/284320/0/mp3/high/stream.mp3;assets/logos/MDRJump.png
104.6 RTL;http://stream.104.6rtl.com/rtl-live/mp3-192/radio-browser.info/;assets/logos/1046RTL.png
SWR4 BW [48 aac];https://liveradio.swr.de/sw890cl/swr4bw/;assets/logos/SWR4BW48aac.png
RADIO BOB! Livestream National;http://streams.radiobob.de/bob-national/mp3-192/mediaplayer;assets/logos/RADIOBOBLivestreamNational.png
SWR 3 (128 kbits mp3);https://liveradio.swr.de/sw282p3/swr3/play.mp3;assets/logos/SWR3128kbitsmp3.png
Antenne Bayern - Classic Rock Live (MP3);http://mp3channels.webradio.antenne.de/classic-rock-live;assets/logos/AntenneBayernClassicRockLiveMP3.png
1LIVE;https://wdr-1live-live.icecastssl.wdr.de/wdr/1live/live/mp3/128/stream.mp3;assets/logos/1LIVE.png
- 0 N - Classic Rock on Radio;https://0n-classicrock.radionetz.de/0n-classicrock.mp3;assets/logos/0NClassicRockonRadio.png
kontrafunk;https://icecast.multhielemedia.de/listen/kontrafunk/radio.mp3;assets/logos/kontrafunk.png
MDR Klassik;http://mdr-284350-0.cast.mdr.de/mdr/284350/0/mp3/high/stream.mp3;assets/logos/MDRKlassik.png
B5 aktuell;http://streams.br.de/b5aktuell_2.m3u;assets/logos/B5aktuell.png
- 0 N - 70s on Radio;https://0n-70s.radionetz.de/0n-70s.mp3;assets/logos/0N70sonRadio.png
# TOP 100 DJ CHARTS - DJ REMIX & CHARTS RADIO @ TikTok Charts, Electronic Music, EDM, House, Deep House, Dance Music, Techno & Hypertechno, Top40, Latin Charts, Reggaeton, Urban, HipHop, Club & Party Radio - & LIVE DJ SETS ;https://breakz-high.rautemusik.fm/?ref=radiobrowser-top100-djcharts;assets/logos/TOP100DJCHARTSDJREMIXCHARTSRADIOTikTokChartsElectronicMusicEDMHouseDeepHouseDanceMusicTechnoHypertechnoTop40LatinChartsReggaetonUrbanHipHopClubPartyRadioLIVEDJSETS.png
Fritz;http://dispatcher.rndfnk.com/rbb/fritz/live/mp3/mid;assets/logos/Fritz.png
RADIO BOB! BOBs Alternative Rock;http://streams.radiobob.de/bob-alternative/mp3-192/streams.radiobob.de/;assets/logos/default.png
Schwarzwaldradio;https://edge80.streamonkey.net/fho-schwarzwaldradiolive/stream/mp3?aggregator=smk-m3u-mp3;assets/logos/Schwarzwaldradio.png
RADIO BOB - Power Metal;http://streams.radiobob.de/powermetal/mp3-192/streams.radiobob.de/;assets/logos/RADIOBOBPowerMetal.png
__TRANCE__ by rautemusik (rm.fm);https://trance-high.rautemusik.fm/?ref=radiobrowser;assets/logos/TRANCEbyrautemusikrmfm.png
NDR 2 Hamburg;https://icecast.ndr.de/ndr/ndr2/hamburg/mp3/128/stream.mp3?1728423809880&aggregator=web;assets/logos/NDR2Hamburg.png
NDR 1 Welle Nord;http://icecast.ndr.de/ndr/ndr1wellenord/kiel/mp3/128/stream.mp3;assets/logos/NDR1WelleNord.png
HR3;http://dispatcher.rndfnk.com/hr/hr3/live/mp3/128/stream.mp3;assets/logos/HR3.png
Deutschlandfunk | DLF | AAC 48k;https://st01.sslstream.dlf.de/dlf/01/low/aac/stream.aac?aggregator=web;assets/logos/DeutschlandfunkDLFAAC48k.png
MDR Kultur;http://mdr-284310-0.cast.mdr.de/mdr/284310/0/mp3/high/stream.mp3;assets/logos/MDRKultur.png
FluxFM;http://streams.fluxfm.de/live/mp3-320/audio/;assets/logos/FluxFM.png
ByteFM (192k);https://bytefm.cast.addradio.de/bytefm/main/high/stream;assets/logos/ByteFM192k.png
WDR2 - Ruhrgebiet;http://wdr-wdr2-ruhrgebiet.icecast.wdr.de/wdr/wdr2/ruhrgebiet/mp3/128/stream.mp3;assets/logos/default.png
NDR 90,3;http://icecast.ndr.de/ndr/ndr903/hamburg/mp3/128/stream.mp3;assets/logos/default.png
NDR 2 - Niedersachsen;http://icecast.ndr.de/ndr/ndr2/niedersachsen/mp3/128/stream.mp3;assets/logos/NDR2Niedersachsen.png
WDR 1Live Diggi;http://wdr-1live-diggi.icecast.wdr.de/wdr/1live/diggi/mp3/128/stream.mp3;assets/logos/WDR1LiveDiggi.png
Antenne Brandenburg;http://dispatcher.rndfnk.com/rbb/antennebrandenburg/live/mp3/mid;assets/logos/AntenneBrandenburg.png
MDR Th√ºringen;http://d141.rndfnk.com/ard/mdr/284300/0/mp3/128/stream.mp3?cid=01FBQ0VVNFY9PE18EJE73MJAYC&sid=38HhqOQUs7SDJscW1s9PM8tHqfQ&token=tlzuRoBCKPkxprEeqkmM9Juh8WYmrkr5KVTZQL9oXXo&tvf=_CoGHwHrihhkMTQxLnJuZGZuay5jb20;assets/logos/MDRThringen.png
__DEUTSCHRAP__ by rautemusik (rm.fm);https://deutschrap-high.rautemusik.fm/?ref=radiobrowser;assets/logos/DEUTSCHRAPbyrautemusikrmfm.png
90s90s Grunge;http://streams.90s90s.de/grunge/mp3-192/;assets/logos/90s90sGrunge.png
__SCHLAGER OLDIES__ by rautemusik (rm.fm);https://schlager-oldies-high.rautemusik.fm/?ref=radiobrowser;assets/logos/SCHLAGEROLDIESbyrautemusikrmfm.png
WDR COSMO;http://wdr-cosmo-live.icecast.wdr.de/wdr/cosmo/live/mp3/128/stream.mp3;assets/logos/default.png
# Aktuelle HITS - 24H NON-STOP MUSIC - DANCE & DJ MIX RADIO @ TikTok Hits, Ibiza House, Sunset Lounge, Melodic Music, EDM, Deep House, Dance Music, Techno & Hypertechno, Rave Charts, Top 40 Charts, Latin, Reggaeton Music, Moombahton, Urban Hits, HipHop, Party & Clubbing Radio, Trending Chartmusic, R&B, Urban, Mixtape - & LIVE DJ SET;https://breakz-2012-high.rautemusik.fm/?ref=radiobrowser-akthits;assets/logos/AktuelleHITS24HNONSTOPMUSICDANCEDJMIXRADIOTikTokHitsIbizaHouseSunsetLoungeMelodicMusicEDMDeepHouseDanceMusicTechnoHypertechnoRaveChartsTop40ChartsLatinReggaetonMusicMoombahtonUrbanHitsHipHopPartyClubbingRadioTrendingChartmusicRBUrbanMixtapeLIVEDJSET.png
Deutschlandfunk Kultur | DLF | AAC 192k;https://st02.sslstream.dlf.de/dlf/02/high/aac/stream.aac?aggregator=web;assets/logos/DeutschlandfunkKulturDLFAAC192k.png
WDR 5;https://wdr-wdr5-live.icecastssl.wdr.de/wdr/wdr5/live/mp3/128/stream.mp3;assets/logos/WDR5.png
TranceBase.FM - AAC HD 256k;http://listen.trancebase.fm/tunein-aac-hd-pls;assets/logos/TranceBaseFMAACHD256k.png
Ostseewelle Live Radio;http://mp3.ostseewelle.c.nmdn.net/ostseewellelive/livestream.mp3;assets/logos/OstseewelleLiveRadio.png
- TOP 100 - DJ Charts - / - REMIX DEEJAY RADIO - CLUB RADIO - HOUSE - EDM - TECHHOUSE - TECHNO - DANCE - TOP100 - TOP40 - RNB - BLACKMUSIC - HIPHOP - URBAN - REGGEATON - MIXTAPE RADIO - RAVE MUSIC -  LIVE DEEJAY RADIO - LIVE EVENTS;https://radio2.breakz.fm/?ref=rb-gpt-t100;assets/logos/TOP100DJChartsREMIXDEEJAYRADIOCLUBRADIOHOUSEEDMTECHHOUSETECHNODANCETOP100TOP40RNBBLACKMUSICHIPHOPURBANREGGEATONMIXTAPERADIORAVEMUSICLIVEDEEJAYRADIOLIVEEVENTS.png
Klassik Radio - Pure Mozart;http://stream.klassikradio.de/mozart/mp3-128/vtuner/;assets/logos/KlassikRadioPureMozart.png
#TOP 100 - DJ CHARTS & REMIX RADIO @ TikTok PROMO Charts, Electronic Music, EDM, House, Deep House, Dance Music, Techno & Hypertechno, Top40, Latin Charts, Reggaeton, Urban, Moombahton, Reggaeton, HipHop, Funk, Club & Party Radio - & SUMMER TUNES - 2024 / 2025;https://stream.breakz.fm/?ref=top100radio-browser;assets/logos/TOP100DJCHARTSREMIXRADIOTikTokPROMOChartsElectronicMusicEDMHouseDeepHouseDanceMusicTechnoHypertechnoTop40LatinChartsReggaetonUrbanMoombahtonReggaetonHipHopFunkClubPartyRadioSUMMERTUNES20242025.png
egoFM;http://cast.egofm.de/egofm.mp3?ar-distributor=ffa0&aw_0_req.gdpr=true;assets/logos/default.png
- 0 N - Chillout on Radio;https://0n-chillout.radionetz.de/0n-chillout.aac;assets/logos/0NChilloutonRadio.png
Radioeins;http://d141.rndfnk.com/ard/rbb/radioeins/live/mp3/128/stream.mp3?cid=01FC1WH12KJ93TCQPDSE2E5PZ9&sid=38Hl52ry0EQwsYap4expRRnPVMx&token=ChJeXoOjqD4FfxySS3dvb39KeOWWp1PIRKposBS4NDY&tvf=-8Qd0HTsihhkMTQxLnJuZGZuay5jb20;assets/logos/Radioeins.png
ROCK ANTENNE Classic Perlen;http://mp3channels.webradio.rockantenne.de/classic-perlen;assets/logos/ROCKANTENNEClassicPerlen.png
Radio Paloma;http://icepool.silvacast.com/RADIOPALOMA.mp3;assets/logos/RadioPaloma.png
#TOP 200 DJ CHARTS - JUST MUSIC - DJ REMIX & CHARTS RADIO @ TikTok Charts, Electronic Music, EDM, House, Deep House, Dance Music, Techno & Hypertechno, Top40, Latin Charts, Reggaeton, Urban, HipHop, Club & Party Radio - & LIVE DJ SETS @ Festival Melodic House, Melodic Techno. Best 100 Lounge, Mixed Radio Station @ PartyHits / Schlager Remix Top 50;https://breakz-high.rautemusik.fm/stream.mp3?ref=DJCHARTSRB;assets/logos/default.png
__TECHNO__ by rautemusik.fm;https://streams.rautemusik.fm/techno/mp3-192/?ref=radiobrowser;assets/logos/TECHNObyrautemusikfm.png
Ballermann Radio;http://stream.bmr-radio.de/;assets/logos/BallermannRadio.png
- 0 N - 80s on Radio;https://0n-80s.radionetz.de/0n-80s.mp3;assets/logos/0N80sonRadio.png
BR24live;https://dispatcher.rndfnk.com/br/br24live/live/mp3/mid;assets/logos/BR24live.png
